{
	"info": {
		"_postman_id": "23655ab1-aa76-4b06-8a60-d770f91b1556",
		"name": "bangabandhu audio book",
		"schema": "https://schema.getpostman.com/json/collection/v2.1.0/collection.json",
		"_exporter_id": "27691551"
	},
	"item": [
		{
			"name": "language",
			"item": [
				{
					"name": "list",
					"request": {
						"method": "GET",
						"header": [],
						"url": {
							"raw": "https://bangabandhu.agrexcointernational.com/bangabandhu/language/?lang=1",
							"protocol": "https",
							"host": [
								"bangabandhu",
								"agrexcointernational",
								"com"
							],
							"path": [
								"bangabandhu",
								"language",
								""
							],
							"query": [
								{
									"key": "lang",
									"value": "1"
								}
							]
						}
					},
					"response": []
				},
				{
					"name": "details",
					"request": {
						"method": "GET",
						"header": [],
						"url": {
							"raw": "https://bangabandhu.agrexcointernational.com/bangabandhu/language/1/",
							"protocol": "https",
							"host": [
								"bangabandhu",
								"agrexcointernational",
								"com"
							],
							"path": [
								"bangabandhu",
								"language",
								"1",
								""
							]
						}
					},
					"response": []
				}
			]
		},
		{
			"name": "audio book",
			"item": [
				{
					"name": "list",
					"protocolProfileBehavior": {
						"disableBodyPruning": true
					},
					"request": {
						"method": "GET",
						"header": [],
						"body": {
							"mode": "formdata",
							"formdata": []
						},
						"url": {
							"raw": "https://bangabandhu.agrexcointernational.com/bangabandhu/audiobook/",
							"protocol": "https",
							"host": [
								"bangabandhu",
								"agrexcointernational",
								"com"
							],
							"path": [
								"bangabandhu",
								"audiobook",
								""
							],
							"query": [
								{
									"key": "lang",
									"value": "1",
									"disabled": true
								}
							]
						}
					},
					"response": []
				},
				{
					"name": "details",
					"request": {
						"method": "GET",
						"header": [],
						"url": {
							"raw": "https://bangabandhu.agrexcointernational.com/bangabandhu/audiobook/1/",
							"protocol": "https",
							"host": [
								"bangabandhu",
								"agrexcointernational",
								"com"
							],
							"path": [
								"bangabandhu",
								"audiobook",
								"1",
								""
							]
						}
					},
					"response": []
				}
			]
		},
		{
			"name": "book content",
			"item": [
				{
					"name": "list",
					"protocolProfileBehavior": {
						"disableBodyPruning": true
					},
					"request": {
						"method": "GET",
						"header": [],
						"body": {
							"mode": "formdata",
							"formdata": []
						},
						"url": {
							"raw": "https://bangabandhu.agrexcointernational.com/bangabandhu/book/content/?lang=1",
							"protocol": "https",
							"host": [
								"bangabandhu",
								"agrexcointernational",
								"com"
							],
							"path": [
								"bangabandhu",
								"book",
								"content",
								""
							],
							"query": [
								{
									"key": "lang",
									"value": "1"
								}
							]
						}
					},
					"response": []
				},
				{
					"name": "details",
					"request": {
						"method": "GET",
						"header": [],
						"url": {
							"raw": "https://bangabandhu.agrexcointernational.com/bangabandhu/book/content/1/",
							"protocol": "https",
							"host": [
								"bangabandhu",
								"agrexcointernational",
								"com"
							],
							"path": [
								"bangabandhu",
								"book",
								"content",
								"1",
								""
							]
						}
					},
					"response": []
				}
			]
		},
		{
			"name": "page",
			"item": [
				{
					"name": "list",
					"protocolProfileBehavior": {
						"disableBodyPruning": true
					},
					"request": {
						"method": "GET",
						"header": [],
						"body": {
							"mode": "formdata",
							"formdata": []
						},
						"url": {
							"raw": "https://bangabandhu.agrexcointernational.com/bangabandhu/page/?lang=1&page_number=2&chapter_name=ভূমিকা ix",
							"protocol": "https",
							"host": [
								"bangabandhu",
								"agrexcointernational",
								"com"
							],
							"path": [
								"bangabandhu",
								"page",
								""
							],
							"query": [
								{
									"key": "lang",
									"value": "1"
								},
								{
									"key": "page_number",
									"value": "2"
								},
								{
									"key": "chapter_name",
									"value": "ভূমিকা ix"
								}
							]
						}
					},
					"response": []
				},
				{
					"name": "details",
					"request": {
						"method": "GET",
						"header": [],
						"url": {
							"raw": "https://bangabandhu.agrexcointernational.com/bangabandhu/page/1/",
							"protocol": "https",
							"host": [
								"bangabandhu",
								"agrexcointernational",
								"com"
							],
							"path": [
								"bangabandhu",
								"page",
								"1",
								""
							]
						}
					},
					"response": []
				}
			]
		},
		{
			"name": "page audio",
			"item": [
				{
					"name": "list",
					"protocolProfileBehavior": {
						"disableBodyPruning": true
					},
					"request": {
						"method": "GET",
						"header": [],
						"body": {
							"mode": "formdata",
							"formdata": []
						},
						"url": {
							"raw": "https://bangabandhu.agrexcointernational.com/bangabandhu/page/audio/?lang=1&page_number=1&chapter_name=ভূমিকা ix",
							"protocol": "https",
							"host": [
								"bangabandhu",
								"agrexcointernational",
								"com"
							],
							"path": [
								"bangabandhu",
								"page",
								"audio",
								""
							],
							"query": [
								{
									"key": "lang",
									"value": "1"
								},
								{
									"key": "page_number",
									"value": "1"
								},
								{
									"key": "chapter_name",
									"value": "ভূমিকা ix"
								}
							]
						}
					},
					"response": []
				},
				{
					"name": "details",
					"request": {
						"method": "GET",
						"header": [],
						"url": {
							"raw": "https://bangabandhu.agrexcointernational.com/bangabandhu/page/audio/1/",
							"protocol": "https",
							"host": [
								"bangabandhu",
								"agrexcointernational",
								"com"
							],
							"path": [
								"bangabandhu",
								"page",
								"audio",
								"1",
								""
							]
						}
					},
					"response": []
				}
			]
		},
		{
			"name": "bookmark",
			"item": [
				{
					"name": "list",
					"protocolProfileBehavior": {
						"disableBodyPruning": true
					},
					"request": {
						"method": "GET",
						"header": [],
						"body": {
							"mode": "formdata",
							"formdata": []
						},
						"url": {
							"raw": "https://bangabandhu.agrexcointernational.com/bangabandhu/bookmark/?lang=1",
							"protocol": "https",
							"host": [
								"bangabandhu",
								"agrexcointernational",
								"com"
							],
							"path": [
								"bangabandhu",
								"bookmark",
								""
							],
							"query": [
								{
									"key": "lang",
									"value": "1"
								}
							]
						}
					},
					"response": []
				},
				{
					"name": "details",
					"request": {
						"method": "GET",
						"header": [],
						"url": {
							"raw": "https://bangabandhu.agrexcointernational.com/bangabandhu/bookmark/1/",
							"protocol": "https",
							"host": [
								"bangabandhu",
								"agrexcointernational",
								"com"
							],
							"path": [
								"bangabandhu",
								"bookmark",
								"1",
								""
							]
						}
					},
					"response": []
				}
			]
		},
		{
			"name": "authentication",
			"item": [
				{
					"name": "registration",
					"request": {
						"method": "POST",
						"header": [],
						"body": {
							"mode": "formdata",
							"formdata": [
								{
									"key": "username",
									"value": "testuser",
									"type": "text"
								},
								{
									"key": "email",
									"value": "testuser@email.com",
									"type": "text"
								},
								{
									"key": "password",
									"value": "test@1234",
									"type": "text"
								},
								{
									"key": "first_name",
									"value": "test",
									"type": "text"
								},
								{
									"key": "last_name",
									"value": "user",
									"type": "text"
								},
								{
									"key": "profile_pic",
									"type": "file",
									"src": "/G:/m-34.jpg"
								}
							]
						},
						"url": {
							"raw": "https://bangabandhu.agrexcointernational.com/user/registration/",
							"protocol": "https",
							"host": [
								"bangabandhu",
								"agrexcointernational",
								"com"
							],
							"path": [
								"user",
								"registration",
								""
							]
						}
					},
					"response": []
				},
				{
					"name": "login",
					"request": {
						"method": "POST",
						"header": [],
						"body": {
							"mode": "formdata",
							"formdata": [
								{
									"key": "email",
									"value": "testuser@email.com",
									"type": "text"
								},
								{
									"key": "password",
									"value": "test@1234",
									"type": "text"
								}
							]
						},
						"url": {
							"raw": "https://bangabandhu.agrexcointernational.com/user/login/",
							"protocol": "https",
							"host": [
								"bangabandhu",
								"agrexcointernational",
								"com"
							],
							"path": [
								"user",
								"login",
								""
							]
						}
					},
					"response": []
				},
				{
					"name": "token refresh",
					"request": {
						"method": "POST",
						"header": [],
						"body": {
							"mode": "formdata",
							"formdata": [
								{
									"key": "token",
									"value": "eyJhbGciOiJIUzI1NiIsInR5cCI6IkpXVCJ9.eyJ0b2tlbl90eXBlIjoicmVmcmVzaCIsImV4cCI6MTcxOTA3NzMxNywiaWF0IjoxNjg3NTQxMzE3LCJqdGkiOiJjYzY1NDYyZmY0ZDM0MTJlODVjOGI4ZTI0N2Y2ZDQyMCIsInVzZXJfaWQiOjN9.KLHX1hLVK4f3p58hJ6zZYomXtPhcui9KC89Omammvts",
									"type": "text"
								}
							]
						},
						"url": {
							"raw": "https://bangabandhu.agrexcointernational.com/user/token/refresh/",
							"protocol": "https",
							"host": [
								"bangabandhu",
								"agrexcointernational",
								"com"
							],
							"path": [
								"user",
								"token",
								"refresh",
								""
							]
						}
					},
					"response": []
				},
				{
					"name": "token verify",
					"request": {
						"method": "POST",
						"header": [],
						"body": {
							"mode": "formdata",
							"formdata": [
								{
									"key": "token",
									"value": "eyJhbGciOiJIUzI1NiIsInR5cCI6IkpXVCJ9.eyJ0b2tlbl90eXBlIjoiYWNjZXNzIiwiZXhwIjoxNzE3NzgxMzk5LCJpYXQiOjE2ODc1NDEzMTcsImp0aSI6IjIwNTRjYzM3NzkyOTRhOTc4ZjY5MjdlZWE2NTBkMWY3IiwidXNlcl9pZCI6M30.glmHh9WMTucR0TcD63vQ85Q89tZHkW5A2SAH86kqZLg",
									"type": "text"
								}
							]
						},
						"url": {
							"raw": "https://bangabandhu.agrexcointernational.com/user/token/verify/",
							"protocol": "https",
							"host": [
								"bangabandhu",
								"agrexcointernational",
								"com"
							],
							"path": [
								"user",
								"token",
								"verify",
								""
							]
						}
					},
					"response": []
				}
			]
		},
		{
			"name": "user",
			"item": [
				{
					"name": "profile",
					"request": {
						"method": "GET",
						"header": [],
						"url": {
							"raw": "https://bangabandhu.agrexcointernational.com/user/1/",
							"protocol": "https",
							"host": [
								"bangabandhu",
								"agrexcointernational",
								"com"
							],
							"path": [
								"user",
								"1",
								""
							]
						}
					},
					"response": []
				}
			]
		}
	]
}